Title,Vote_Average,Vote_Count,Weighted_Average
dilwale dulhania le jayenge,8.537,4403.0,8.508554749055662
city lights,8.287,2090.0,8.232100864923027
joker,8.16,24831.0,8.1554964268992
taxi driver,8.15,11904.0,8.140653210564077
lion,8.071,6426.0,8.054196571868223
dream girl,8.238,507.0,8.027058056066421
new york,8.121,1070.0,8.021255090754694
my name is khan,8.038,1270.0,7.955917920914526
3 idiots,7.997,2301.0,7.951764703102265
aks,7.948,4054.0,7.92259839700787
