Title,Vote_Average,Vote_Count,Weighted_Average
dilwale dulhania le jayenge,8.536,4404.0,8.527505832484552
paras,8.509,17750.0,8.506902935905982
life is beautiful,8.451,12804.0,8.44813417925188
dream girl,8.231,508.0,8.16380510397355
joker,8.16,24856.0,8.158628563794665
taxi driver,8.1,11925.0,8.097187802811659
new york,8.1,1070.0,8.068896421459058
alif laila,8.1,591.0,8.044065397923875
taxi taxie,8.066,934.0,8.030735141839157
my name is khan,8.039,1272.0,8.013229694577927
